{
  "rollWidget": {
    "origin": "BOTTOM",
    "offset": {
      "f_82470_": 121.999855,
      "f_82471_": -10.666673
    }
  }
}